Date,Power (kW)
2019-01-01 00:00:00,93.576
2019-01-01 01:00:00,94.166
2019-01-01 02:00:00,94.725
2019-01-01 03:00:00,97.048
2019-01-01 04:00:00,95.032
2019-01-01 05:00:00,96.062
2019-01-01 06:00:00,94.803
2019-01-01 07:00:00,108.339
2019-01-01 08:00:00,165.053
2019-01-01 09:00:00,167.099
2019-01-01 10:00:00,168.176
2019-01-01 11:00:00,167.014
2019-01-01 12:00:00,166.904
2019-01-01 13:00:00,165.091
2019-01-01 14:00:00,166.673
2019-01-01 15:00:00,166.719
2019-01-01 16:00:00,170.029
2019-01-01 17:00:00,173.931
2019-01-01 18:00:00,177.147
2019-01-01 19:00:00,123.014
2019-01-01 20:00:00,105.908
2019-01-01 21:00:00,105.253
2019-01-01 22:00:00,107.703
2019-01-01 23:00:00,108.823
2019-01-02 00:00:00,127.347
2019-01-02 01:00:00,122.654
2019-01-02 02:00:00,122.644
2019-01-02 03:00:00,122.521
2019-01-02 04:00:00,119.207
2019-01-02 05:00:00,130.348
2019-01-02 06:00:00,158.392
2019-01-02 07:00:00,249.993
2019-01-02 08:00:00,396.278
2019-01-02 09:00:00,447.683
2019-01-02 10:00:00,468.863
2019-01-02 11:00:00,469.82
2019-01-02 12:00:00,470.791
2019-01-02 13:00:00,455.86
2019-01-02 14:00:00,465.906
2019-01-02 15:00:00,441.077
2019-01-02 16:00:00,420.479
2019-01-02 17:00:00,383.074
2019-01-02 18:00:00,355.676
2019-01-02 19:00:00,264.848
2019-01-02 20:00:00,208.469
2019-01-02 21:00:00,162.771
2019-01-02 22:00:00,135.841
2019-01-02 23:00:00,131.398
2019-01-03 00:00:00,139.419
2019-01-03 01:00:00,117.674
2019-01-03 02:00:00,118.583
2019-01-03 03:00:00,114.688
2019-01-03 04:00:00,113.338
2019-01-03 05:00:00,118.651
2019-01-03 06:00:00,140.224
2019-01-03 07:00:00,222.579
2019-01-03 08:00:00,334.367
2019-01-03 09:00:00,308.638
2019-01-03 10:00:00,337.947
2019-01-03 11:00:00,349.226
2019-01-03 12:00:00,337.546
2019-01-03 13:00:00,332.487
2019-01-03 14:00:00,338.973
2019-01-03 15:00:00,351.47
2019-01-03 16:00:00,311.817
2019-01-03 17:00:00,256.114
2019-01-03 18:00:00,237.905
2019-01-03 19:00:00,190.59
2019-01-03 20:00:00,153.344
2019-01-03 21:00:00,141.224
2019-01-03 22:00:00,127.01
2019-01-03 23:00:00,123.985
2019-01-04 00:00:00,104.439
2019-01-04 01:00:00,86.457
2019-01-04 02:00:00,86.414
2019-01-04 03:00:00,83.217
2019-01-04 04:00:00,82.815
2019-01-04 05:00:00,87.201
2019-01-04 06:00:00,102.312
2019-01-04 07:00:00,188.686
2019-01-04 08:00:00,261.516
2019-01-04 09:00:00,290.835
2019-01-04 10:00:00,308.959
2019-01-04 11:00:00,300.391
2019-01-04 12:00:00,331.518
2019-01-04 13:00:00,313.652
2019-01-04 14:00:00,312.089
2019-01-04 15:00:00,304.326
2019-01-04 16:00:00,294.737
2019-01-04 17:00:00,276.394
2019-01-04 18:00:00,234.526
2019-01-04 19:00:00,176.092
2019-01-04 20:00:00,158.612
2019-01-04 21:00:00,136.778
2019-01-04 22:00:00,132.568
2019-01-04 23:00:00,122.298
2019-01-05 00:00:00,101.056
2019-01-05 01:00:00,85.658
2019-01-05 02:00:00,80.95
2019-01-05 03:00:00,81.633
2019-01-05 04:00:00,78.515
2019-01-05 05:00:00,78.718
2019-01-05 06:00:00,80.415
2019-01-05 07:00:00,106.814
2019-01-05 08:00:00,137.94
2019-01-05 09:00:00,137.635
2019-01-05 10:00:00,149.528
2019-01-05 11:00:00,146.475
2019-01-05 12:00:00,148.06
2019-01-05 13:00:00,155.084
2019-01-05 14:00:00,149.155
2019-01-05 15:00:00,163.783
2019-01-05 16:00:00,157.765
2019-01-05 17:00:00,157.768
2019-01-05 18:00:00,152.412
2019-01-05 19:00:00,119.965
2019-01-05 20:00:00,107.861
2019-01-05 21:00:00,104.382
2019-01-05 22:00:00,105.424
2019-01-05 23:00:00,103.207
2019-01-06 00:00:00,134.892
2019-01-06 01:00:00,133.4
2019-01-06 02:00:00,130.17
2019-01-06 03:00:00,130.652
2019-01-06 04:00:00,128.067
2019-01-06 05:00:00,127.708
2019-01-06 06:00:00,123.317
2019-01-06 07:00:00,130.058
2019-01-06 08:00:00,150.845
2019-01-06 09:00:00,153.294
2019-01-06 10:00:00,167.791
2019-01-06 11:00:00,158.516
2019-01-06 12:00:00,162.628
2019-01-06 13:00:00,159.494
2019-01-06 14:00:00,159.021
2019-01-06 15:00:00,156.689
2019-01-06 16:00:00,152.782
2019-01-06 17:00:00,153.98
2019-01-06 18:00:00,149.013
2019-01-06 19:00:00,142.277
2019-01-06 20:00:00,134.827
2019-01-06 21:00:00,128.478
2019-01-06 22:00:00,126.48
2019-01-06 23:00:00,128.866
2019-01-07 00:00:00,107.91
2019-01-07 01:00:00,107.731
2019-01-07 02:00:00,107.649
2019-01-07 03:00:00,105.43
2019-01-07 04:00:00,108.012
2019-01-07 05:00:00,113.291
2019-01-07 06:00:00,124.211
2019-01-07 07:00:00,176.426
2019-01-07 08:00:00,262.594
2019-01-07 09:00:00,282.356
2019-01-07 10:00:00,325.85
2019-01-07 11:00:00,348.625
2019-01-07 12:00:00,357.827
2019-01-07 13:00:00,343.951
2019-01-07 14:00:00,333.008
2019-01-07 15:00:00,343.925
2019-01-07 16:00:00,367.503
2019-01-07 17:00:00,314.646
2019-01-07 18:00:00,250.464
2019-01-07 19:00:00,188.995
2019-01-07 20:00:00,145.896
2019-01-07 21:00:00,131.884
2019-01-07 22:00:00,130.357
2019-01-07 23:00:00,126.492
2019-01-08 00:00:00,122.137
2019-01-08 01:00:00,122.835
2019-01-08 02:00:00,122.673
2019-01-08 03:00:00,118.732
2019-01-08 04:00:00,120.067
2019-01-08 05:00:00,123.055
2019-01-08 06:00:00,140.78
2019-01-08 07:00:00,177.544
2019-01-08 08:00:00,263.415
2019-01-08 09:00:00,278.269
2019-01-08 10:00:00,310.658
2019-01-08 11:00:00,293.083
2019-01-08 12:00:00,307.136
2019-01-08 13:00:00,305.65
2019-01-08 14:00:00,316.785
2019-01-08 15:00:00,313.347
2019-01-08 16:00:00,302.432
2019-01-08 17:00:00,289.547
2019-01-08 18:00:00,255.541
2019-01-08 19:00:00,201.737
2019-01-08 20:00:00,145.56
2019-01-08 21:00:00,128.782
2019-01-08 22:00:00,118.971
2019-01-08 23:00:00,117.392
2019-01-09 00:00:00,96.865
2019-01-09 01:00:00,96.839
2019-01-09 02:00:00,98.935
2019-01-09 03:00:00,97.448
2019-01-09 04:00:00,96.343
2019-01-09 05:00:00,96.174
2019-01-09 06:00:00,97.545
2019-01-09 07:00:00,96.695
2019-01-09 08:00:00,94.96
2019-01-09 09:00:00,98.181
2019-01-09 10:00:00,95.761
2019-01-09 11:00:00,97.662
2019-01-09 12:00:00,102.3
2019-01-09 13:00:00,117.008
2019-01-09 14:00:00,108.064
2019-01-09 15:00:00,122.499
2019-01-09 16:00:00,129.808
2019-01-09 17:00:00,125.284
2019-01-09 18:00:00,125.595
2019-01-09 19:00:00,124.238
2019-01-09 20:00:00,119.258
2019-01-09 21:00:00,107.077
2019-01-09 22:00:00,110.955
2019-01-09 23:00:00,99.084
2019-01-10 00:00:00,127.259
2019-01-10 01:00:00,127.199
2019-01-10 02:00:00,116.927
2019-01-10 03:00:00,117.386
2019-01-10 04:00:00,121.884
2019-01-10 05:00:00,126.139
2019-01-10 06:00:00,134.908
2019-01-10 07:00:00,171.391
2019-01-10 08:00:00,266.523
2019-01-10 09:00:00,301.757
2019-01-10 10:00:00,346.735
2019-01-10 11:00:00,331.735
2019-01-10 12:00:00,367.954
2019-01-10 13:00:00,383.813
2019-01-10 14:00:00,373.677
2019-01-10 15:00:00,365.036
2019-01-10 16:00:00,351.744
2019-01-10 17:00:00,329.175
2019-01-10 18:00:00,282.849
2019-01-10 19:00:00,240.621
2019-01-10 20:00:00,168.257
2019-01-10 21:00:00,155.27
2019-01-10 22:00:00,155.526
2019-01-10 23:00:00,137.314
2019-01-11 00:00:00,102.911
2019-01-11 01:00:00,97.554
2019-01-11 02:00:00,96.234
2019-01-11 03:00:00,96.263
2019-01-11 04:00:00,91.747
2019-01-11 05:00:00,92.309
2019-01-11 06:00:00,89.982
2019-01-11 07:00:00,125.566
2019-01-11 08:00:00,168.566
2019-01-11 09:00:00,168.643
2019-01-11 10:00:00,153.854
2019-01-11 11:00:00,159.159
2019-01-11 12:00:00,158.965
2019-01-11 13:00:00,161.22
2019-01-11 14:00:00,161.934
2019-01-11 15:00:00,165.506
2019-01-11 16:00:00,169.565
2019-01-11 17:00:00,176.698
2019-01-11 18:00:00,171.967
2019-01-11 19:00:00,143.756
2019-01-11 20:00:00,111.605
2019-01-11 21:00:00,105.788
2019-01-11 22:00:00,102.616
2019-01-11 23:00:00,104.85
2019-01-12 00:00:00,114.262
2019-01-12 01:00:00,111.776
2019-01-12 02:00:00,111.02
2019-01-12 03:00:00,109.27
2019-01-12 04:00:00,108.817
2019-01-12 05:00:00,107.64
2019-01-12 06:00:00,106.621
2019-01-12 07:00:00,108.586
2019-01-12 08:00:00,109.212
2019-01-12 09:00:00,109.494
2019-01-12 10:00:00,112.716
2019-01-12 11:00:00,116.338
2019-01-12 12:00:00,117.971
2019-01-12 13:00:00,115.515
2019-01-12 14:00:00,116.242
2019-01-12 15:00:00,119.955
2019-01-12 16:00:00,123.11
2019-01-12 17:00:00,128.372
2019-01-12 18:00:00,127.309
2019-01-12 19:00:00,122.176
2019-01-12 20:00:00,119.395
2019-01-12 21:00:00,118.189
2019-01-12 22:00:00,117.172
2019-01-12 23:00:00,116.052
2019-01-13 00:00:00,137.483
2019-01-13 01:00:00,132.625
2019-01-13 02:00:00,128.695
2019-01-13 03:00:00,127.6
2019-01-13 04:00:00,124.443
2019-01-13 05:00:00,124.07
2019-01-13 06:00:00,119.508
2019-01-13 07:00:00,118.596
2019-01-13 08:00:00,116.86
2019-01-13 09:00:00,121.667
2019-01-13 10:00:00,122.789
2019-01-13 11:00:00,127.549
2019-01-13 12:00:00,138.785
2019-01-13 13:00:00,140.351
2019-01-13 14:00:00,141.106
2019-01-13 15:00:00,144.205
2019-01-13 16:00:00,152.382
2019-01-13 17:00:00,162.601
2019-01-13 18:00:00,166.85
2019-01-13 19:00:00,159.999
2019-01-13 20:00:00,150.192
2019-01-13 21:00:00,145.598
2019-01-13 22:00:00,143.722
2019-01-13 23:00:00,142.572
2019-01-14 00:00:00,139.842
2019-01-14 01:00:00,137.919
2019-01-14 02:00:00,140.603
2019-01-14 03:00:00,127.857
2019-01-14 04:00:00,128.729
2019-01-14 05:00:00,127.452
2019-01-14 06:00:00,147.843
2019-01-14 07:00:00,251.777
2019-01-14 08:00:00,394.32
2019-01-14 09:00:00,474.11
2019-01-14 10:00:00,521.171
2019-01-14 11:00:00,544.982
2019-01-14 12:00:00,551.888
2019-01-14 13:00:00,540.135
2019-01-14 14:00:00,537.895
2019-01-14 15:00:00,517.332
2019-01-14 16:00:00,479.467
2019-01-14 17:00:00,451.596
2019-01-14 18:00:00,376.929
2019-01-14 19:00:00,295.314
2019-01-14 20:00:00,246.683
2019-01-14 21:00:00,203.881
2019-01-14 22:00:00,174.743
2019-01-14 23:00:00,171.538
2019-01-15 00:00:00,165.329
2019-01-15 01:00:00,156.435
2019-01-15 02:00:00,154.836
2019-01-15 03:00:00,151.873
2019-01-15 04:00:00,146.083
2019-01-15 05:00:00,145.421
2019-01-15 06:00:00,165.512
2019-01-15 07:00:00,259.655
2019-01-15 08:00:00,399.863
2019-01-15 09:00:00,442.824
2019-01-15 10:00:00,494.307
2019-01-15 11:00:00,515.217
2019-01-15 12:00:00,533.099
2019-01-15 13:00:00,525.386
2019-01-15 14:00:00,538.799
2019-01-15 15:00:00,536.024
2019-01-15 16:00:00,500.495
2019-01-15 17:00:00,480.432
2019-01-15 18:00:00,403.49
2019-01-15 19:00:00,303.201
2019-01-15 20:00:00,263.852
2019-01-15 21:00:00,204.972
2019-01-15 22:00:00,198.914
2019-01-15 23:00:00,193.066
2019-01-16 00:00:00,182.062
2019-01-16 01:00:00,155.694
2019-01-16 02:00:00,149.643
2019-01-16 03:00:00,149.31
2019-01-16 04:00:00,145.677
2019-01-16 05:00:00,148.478
2019-01-16 06:00:00,165.529
2019-01-16 07:00:00,256.872
2019-01-16 08:00:00,387.257
2019-01-16 09:00:00,469.006
2019-01-16 10:00:00,528.6
2019-01-16 11:00:00,560.155
2019-01-16 12:00:00,574.579
2019-01-16 13:00:00,547.69
2019-01-16 14:00:00,509.818
2019-01-16 15:00:00,493.174
2019-01-16 16:00:00,482.968
2019-01-16 17:00:00,461.475
2019-01-16 18:00:00,387.582
2019-01-16 19:00:00,307.835
2019-01-16 20:00:00,245.753
2019-01-16 21:00:00,166.989
2019-01-16 22:00:00,156.185
2019-01-16 23:00:00,155.217
2019-01-17 00:00:00,155.314
2019-01-17 01:00:00,132.962
2019-01-17 02:00:00,126.899
2019-01-17 03:00:00,123.897
2019-01-17 04:00:00,123.417
2019-01-17 05:00:00,142.688
2019-01-17 06:00:00,151.522
2019-01-17 07:00:00,250.211
2019-01-17 08:00:00,382.617
2019-01-17 09:00:00,429.085
2019-01-17 10:00:00,491.997
2019-01-17 11:00:00,530.34
2019-01-17 12:00:00,516.554
2019-01-17 13:00:00,476.548
2019-01-17 14:00:00,465.285
2019-01-17 15:00:00,460.181
2019-01-17 16:00:00,444.585
2019-01-17 17:00:00,421.533
2019-01-17 18:00:00,373.889
2019-01-17 19:00:00,286.09
2019-01-17 20:00:00,225.173
2019-01-17 21:00:00,170.369
2019-01-17 22:00:00,158.246
2019-01-17 23:00:00,162.064
2019-01-18 00:00:00,146.391
2019-01-18 01:00:00,144.878
2019-01-18 02:00:00,140.471
2019-01-18 03:00:00,133.18
2019-01-18 04:00:00,130.893
2019-01-18 05:00:00,153.011
2019-01-18 06:00:00,174.167
2019-01-18 07:00:00,264.254
2019-01-18 08:00:00,405.006
2019-01-18 09:00:00,471.908
2019-01-18 10:00:00,512.012
2019-01-18 11:00:00,531.044
2019-01-18 12:00:00,506.141
2019-01-18 13:00:00,445.915
2019-01-18 14:00:00,447.834
2019-01-18 15:00:00,455.455
2019-01-18 16:00:00,442.103
2019-01-18 17:00:00,397.73
2019-01-18 18:00:00,330.791
2019-01-18 19:00:00,249.614
2019-01-18 20:00:00,193.628
2019-01-18 21:00:00,154.897
2019-01-18 22:00:00,145.359
2019-01-18 23:00:00,145.767
2019-01-19 00:00:00,145.769
2019-01-19 01:00:00,146.15
2019-01-19 02:00:00,137.722
2019-01-19 03:00:00,122.598
2019-01-19 04:00:00,122.908
2019-01-19 05:00:00,122.701
2019-01-19 06:00:00,122.788
2019-01-19 07:00:00,141.299
2019-01-19 08:00:00,147.634
2019-01-19 09:00:00,161.4
2019-01-19 10:00:00,169.489
2019-01-19 11:00:00,174.693
2019-01-19 12:00:00,180.824
2019-01-19 13:00:00,181.144
2019-01-19 14:00:00,183.614
2019-01-19 15:00:00,194.268
2019-01-19 16:00:00,189.6
2019-01-19 17:00:00,184.726
2019-01-19 18:00:00,179.948
2019-01-19 19:00:00,173.631
2019-01-19 20:00:00,162.929
2019-01-19 21:00:00,158.824
2019-01-19 22:00:00,159.064
2019-01-19 23:00:00,154.318
2019-01-20 00:00:00,148.172
2019-01-20 01:00:00,143.471
2019-01-20 02:00:00,138.85
2019-01-20 03:00:00,133.558
2019-01-20 04:00:00,129.306
2019-01-20 05:00:00,119.381
2019-01-20 06:00:00,118.108
2019-01-20 07:00:00,122.25
2019-01-20 08:00:00,119.109
2019-01-20 09:00:00,119.682
2019-01-20 10:00:00,128.665
2019-01-20 11:00:00,128.997
2019-01-20 12:00:00,131.816
2019-01-20 13:00:00,133.039
2019-01-20 14:00:00,142.653
2019-01-20 15:00:00,153.257
2019-01-20 16:00:00,155.776
2019-01-20 17:00:00,154.711
2019-01-20 18:00:00,160.315
2019-01-20 19:00:00,156.069
2019-01-20 20:00:00,149.466
2019-01-20 21:00:00,146.081
2019-01-20 22:00:00,147.965
2019-01-20 23:00:00,144.132
2019-01-21 00:00:00,134.748
2019-01-21 01:00:00,137.324
2019-01-21 02:00:00,136.904
2019-01-21 03:00:00,130.272
2019-01-21 04:00:00,127.095
2019-01-21 05:00:00,144.207
2019-01-21 06:00:00,161.03
2019-01-21 07:00:00,262.458
2019-01-21 08:00:00,411.142
2019-01-21 09:00:00,470.743
2019-01-21 10:00:00,515.885
2019-01-21 11:00:00,534.514
2019-01-21 12:00:00,519.51
2019-01-21 13:00:00,492.548
2019-01-21 14:00:00,480.175
2019-01-21 15:00:00,446.175
2019-01-21 16:00:00,429.142
2019-01-21 17:00:00,414.328
2019-01-21 18:00:00,384.327
2019-01-21 19:00:00,279.3
2019-01-21 20:00:00,216.963
2019-01-21 21:00:00,186.33
2019-01-21 22:00:00,151.286
2019-01-21 23:00:00,147.624
2019-01-22 00:00:00,142.532
2019-01-22 01:00:00,133.751
2019-01-22 02:00:00,132.442
2019-01-22 03:00:00,129.994
2019-01-22 04:00:00,130.963
2019-01-22 05:00:00,161.336
2019-01-22 06:00:00,180.553
2019-01-22 07:00:00,277.599
2019-01-22 08:00:00,410.478
2019-01-22 09:00:00,469.587
2019-01-22 10:00:00,494.996
2019-01-22 11:00:00,510.49
2019-01-22 12:00:00,511.509
2019-01-22 13:00:00,490.145
2019-01-22 14:00:00,509.521
2019-01-22 15:00:00,498.81
2019-01-22 16:00:00,447.902
2019-01-22 17:00:00,433.24
2019-01-22 18:00:00,363.686
2019-01-22 19:00:00,268.584
2019-01-22 20:00:00,233.746
2019-01-22 21:00:00,179.95
2019-01-22 22:00:00,145.017
2019-01-22 23:00:00,137.726
2019-01-23 00:00:00,137.359
2019-01-23 01:00:00,135.512
2019-01-23 02:00:00,132.674
2019-01-23 03:00:00,128.196
2019-01-23 04:00:00,136.716
2019-01-23 05:00:00,172.259
2019-01-23 06:00:00,179.828
2019-01-23 07:00:00,264.513
2019-01-23 08:00:00,385.182
2019-01-23 09:00:00,456.088
2019-01-23 10:00:00,496.038
2019-01-23 11:00:00,483.243
2019-01-23 12:00:00,464.043
2019-01-23 13:00:00,440.387
2019-01-23 14:00:00,452.277
2019-01-23 15:00:00,436.786
2019-01-23 16:00:00,447.395
2019-01-23 17:00:00,420.525
2019-01-23 18:00:00,331.771
2019-01-23 19:00:00,240.164
2019-01-23 20:00:00,196.378
2019-01-23 21:00:00,163.185
2019-01-23 22:00:00,142.013
2019-01-23 23:00:00,141.59
2019-01-24 00:00:00,134.55
2019-01-24 01:00:00,130.572
2019-01-24 02:00:00,130.617
2019-01-24 03:00:00,129.564
2019-01-24 04:00:00,131.193
2019-01-24 05:00:00,131.766
2019-01-24 06:00:00,168.741
2019-01-24 07:00:00,263.208
2019-01-24 08:00:00,390.118
2019-01-24 09:00:00,437.07
2019-01-24 10:00:00,445.516
2019-01-24 11:00:00,464.508
2019-01-24 12:00:00,461.882
2019-01-24 13:00:00,438.389
2019-01-24 14:00:00,419.694
2019-01-24 15:00:00,393.475
2019-01-24 16:00:00,409.562
2019-01-24 17:00:00,398.018
2019-01-24 18:00:00,328.971
2019-01-24 19:00:00,238.518
2019-01-24 20:00:00,201.384
2019-01-24 21:00:00,157.864
2019-01-24 22:00:00,138.682
2019-01-24 23:00:00,140.685
2019-01-25 00:00:00,137.209
2019-01-25 01:00:00,132.866
2019-01-25 02:00:00,127.981
2019-01-25 03:00:00,126.016
2019-01-25 04:00:00,123.587
2019-01-25 05:00:00,126.248
2019-01-25 06:00:00,170.062
2019-01-25 07:00:00,268.932
2019-01-25 08:00:00,407.888
2019-01-25 09:00:00,449.639
2019-01-25 10:00:00,443.137
2019-01-25 11:00:00,454.373
2019-01-25 12:00:00,467.928
2019-01-25 13:00:00,438.335
2019-01-25 14:00:00,441.474
2019-01-25 15:00:00,380.941
2019-01-25 16:00:00,369.374
2019-01-25 17:00:00,331.242
2019-01-25 18:00:00,283.734
2019-01-25 19:00:00,212.769
2019-01-25 20:00:00,165.304
2019-01-25 21:00:00,129.642
2019-01-25 22:00:00,126.758
2019-01-25 23:00:00,120.655
2019-01-26 00:00:00,118.68
2019-01-26 01:00:00,115.973
2019-01-26 02:00:00,115.116
2019-01-26 03:00:00,112.878
2019-01-26 04:00:00,108.957
2019-01-26 05:00:00,105.523
2019-01-26 06:00:00,106.869
2019-01-26 07:00:00,116.032
2019-01-26 08:00:00,137.943
2019-01-26 09:00:00,139.744
2019-01-26 10:00:00,145.737
2019-01-26 11:00:00,141.263
2019-01-26 12:00:00,143.311
2019-01-26 13:00:00,145.231
2019-01-26 14:00:00,144.109
2019-01-26 15:00:00,141.487
2019-01-26 16:00:00,143.99
2019-01-26 17:00:00,140.509
2019-01-26 18:00:00,138.106
2019-01-26 19:00:00,132.976
2019-01-26 20:00:00,127.238
2019-01-26 21:00:00,123.042
2019-01-26 22:00:00,125.117
2019-01-26 23:00:00,123.506
2019-01-27 00:00:00,119.624
2019-01-27 01:00:00,116.863
2019-01-27 02:00:00,115.857
2019-01-27 03:00:00,113.61
2019-01-27 04:00:00,109.584
2019-01-27 05:00:00,103.811
2019-01-27 06:00:00,100.629
2019-01-27 07:00:00,103.905
2019-01-27 08:00:00,101.888
2019-01-27 09:00:00,102.717
2019-01-27 10:00:00,106.719
2019-01-27 11:00:00,108.394
2019-01-27 12:00:00,107.804
2019-01-27 13:00:00,111.953
2019-01-27 14:00:00,120.067
2019-01-27 15:00:00,130.765
2019-01-27 16:00:00,131.937
2019-01-27 17:00:00,141.41
2019-01-27 18:00:00,141.233
2019-01-27 19:00:00,140.868
2019-01-27 20:00:00,128.906
2019-01-27 21:00:00,129.499
2019-01-27 22:00:00,133.589
2019-01-27 23:00:00,132.121
2019-01-28 00:00:00,129.0
2019-01-28 01:00:00,122.41
2019-01-28 02:00:00,121.142
2019-01-28 03:00:00,120.294
2019-01-28 04:00:00,119.152
2019-01-28 05:00:00,132.259
2019-01-28 06:00:00,154.216
2019-01-28 07:00:00,232.381
2019-01-28 08:00:00,373.703
2019-01-28 09:00:00,452.315
2019-01-28 10:00:00,506.621
2019-01-28 11:00:00,511.121
2019-01-28 12:00:00,511.825
2019-01-28 13:00:00,514.877
2019-01-28 14:00:00,480.263
2019-01-28 15:00:00,473.9
2019-01-28 16:00:00,455.19
2019-01-28 17:00:00,420.969
2019-01-28 18:00:00,368.876
2019-01-28 19:00:00,264.22
2019-01-28 20:00:00,220.935
2019-01-28 21:00:00,188.496
2019-01-28 22:00:00,159.169
2019-01-28 23:00:00,149.632
2019-01-29 00:00:00,147.262
2019-01-29 01:00:00,124.887
2019-01-29 02:00:00,120.792
2019-01-29 03:00:00,115.853
2019-01-29 04:00:00,125.688
2019-01-29 05:00:00,148.755
2019-01-29 06:00:00,162.31
2019-01-29 07:00:00,242.624
2019-01-29 08:00:00,376.856
2019-01-29 09:00:00,433.697
2019-01-29 10:00:00,428.261
2019-01-29 11:00:00,452.22
2019-01-29 12:00:00,457.318
2019-01-29 13:00:00,446.326
2019-01-29 14:00:00,452.778
2019-01-29 15:00:00,467.595
2019-01-29 16:00:00,476.734
2019-01-29 17:00:00,463.78
2019-01-29 18:00:00,368.266
2019-01-29 19:00:00,263.957
2019-01-29 20:00:00,222.816
2019-01-29 21:00:00,208.235
2019-01-29 22:00:00,177.589
2019-01-29 23:00:00,169.774
2019-01-30 00:00:00,161.114
2019-01-30 01:00:00,148.775
2019-01-30 02:00:00,139.184
2019-01-30 03:00:00,134.593
2019-01-30 04:00:00,131.157
2019-01-30 05:00:00,143.023
2019-01-30 06:00:00,172.328
2019-01-30 07:00:00,251.962
2019-01-30 08:00:00,415.001
2019-01-30 09:00:00,464.144
2019-01-30 10:00:00,461.461
2019-01-30 11:00:00,470.926
2019-01-30 12:00:00,468.207
2019-01-30 13:00:00,460.269
2019-01-30 14:00:00,492.325
2019-01-30 15:00:00,487.142
2019-01-30 16:00:00,443.979
2019-01-30 17:00:00,412.511
2019-01-30 18:00:00,375.513
2019-01-30 19:00:00,264.049
2019-01-30 20:00:00,211.972
2019-01-30 21:00:00,159.773
2019-01-30 22:00:00,147.525
2019-01-30 23:00:00,145.685
2019-01-31 00:00:00,138.497
2019-01-31 01:00:00,138.101
2019-01-31 02:00:00,135.963
2019-01-31 03:00:00,133.234
2019-01-31 04:00:00,127.306
2019-01-31 05:00:00,157.564
2019-01-31 06:00:00,172.872
2019-01-31 07:00:00,253.802
2019-01-31 08:00:00,385.141
2019-01-31 09:00:00,450.346
2019-01-31 10:00:00,455.648
2019-01-31 11:00:00,458.945
2019-01-31 12:00:00,473.147
2019-01-31 13:00:00,483.534
2019-01-31 14:00:00,464.008
2019-01-31 15:00:00,447.581
2019-01-31 16:00:00,425.341
2019-01-31 17:00:00,415.562
2019-01-31 18:00:00,352.353
2019-01-31 19:00:00,247.99
2019-01-31 20:00:00,206.128
2019-01-31 21:00:00,162.814
2019-01-31 22:00:00,143.406
2019-01-31 23:00:00,135.063
2019-02-01 00:00:00,107.08
2019-02-01 01:00:00,109.023
2019-02-01 02:00:00,109.115
2019-02-01 03:00:00,107.676
2019-02-01 04:00:00,105.913
2019-02-01 05:00:00,123.217
2019-02-01 06:00:00,136.847
2019-02-01 07:00:00,172.66
2019-02-01 08:00:00,262.801
2019-02-01 09:00:00,315.967
2019-02-01 10:00:00,360.3
2019-02-01 11:00:00,385.766
2019-02-01 12:00:00,391.831
2019-02-01 13:00:00,370.568
2019-02-01 14:00:00,371.217
2019-02-01 15:00:00,368.27
2019-02-01 16:00:00,358.216
2019-02-01 17:00:00,358.86
2019-02-01 18:00:00,328.586
2019-02-01 19:00:00,229.855
2019-02-01 20:00:00,187.059
2019-02-01 21:00:00,148.49
2019-02-01 22:00:00,130.318
2019-02-01 23:00:00,135.535
2019-02-02 00:00:00,130.831
2019-02-02 01:00:00,125.631
2019-02-02 02:00:00,125.722
2019-02-02 03:00:00,120.144
2019-02-02 04:00:00,114.123
2019-02-02 05:00:00,112.002
2019-02-02 06:00:00,110.139
2019-02-02 07:00:00,124.688
2019-02-02 08:00:00,132.556
2019-02-02 09:00:00,133.477
2019-02-02 10:00:00,146.084
2019-02-02 11:00:00,149.307
2019-02-02 12:00:00,150.49
2019-02-02 13:00:00,145.661
2019-02-02 14:00:00,149.553
2019-02-02 15:00:00,153.005
2019-02-02 16:00:00,151.758
2019-02-02 17:00:00,155.872
2019-02-02 18:00:00,156.959
2019-02-02 19:00:00,151.084
2019-02-02 20:00:00,141.253
2019-02-02 21:00:00,126.04
2019-02-02 22:00:00,129.38
2019-02-02 23:00:00,130.019
2019-02-03 00:00:00,112.784
2019-02-03 01:00:00,109.371
2019-02-03 02:00:00,109.342
2019-02-03 03:00:00,108.563
2019-02-03 04:00:00,106.823
2019-02-03 05:00:00,106.642
2019-02-03 06:00:00,112.784
2019-02-03 07:00:00,117.855
2019-02-03 08:00:00,126.728
2019-02-03 09:00:00,127.391
2019-02-03 10:00:00,132.404
2019-02-03 11:00:00,129.692
2019-02-03 12:00:00,142.215
2019-02-03 13:00:00,138.485
2019-02-03 14:00:00,131.376
2019-02-03 15:00:00,127.103
2019-02-03 16:00:00,124.428
2019-02-03 17:00:00,117.84
2019-02-03 18:00:00,118.846
2019-02-03 19:00:00,119.552
2019-02-03 20:00:00,109.617
2019-02-03 21:00:00,106.72
2019-02-03 22:00:00,103.756
2019-02-03 23:00:00,106.079
2019-02-04 00:00:00,110.897
2019-02-04 01:00:00,90.845
2019-02-04 02:00:00,86.339
2019-02-04 03:00:00,84.348
2019-02-04 04:00:00,89.118
2019-02-04 05:00:00,104.861
2019-02-04 06:00:00,112.95
2019-02-04 07:00:00,169.432
2019-02-04 08:00:00,238.895
2019-02-04 09:00:00,267.335
2019-02-04 10:00:00,304.949
2019-02-04 11:00:00,296.544
2019-02-04 12:00:00,311.348
2019-02-04 13:00:00,305.537
2019-02-04 14:00:00,303.268
2019-02-04 15:00:00,300.13
2019-02-04 16:00:00,278.508
2019-02-04 17:00:00,264.854
2019-02-04 18:00:00,221.104
2019-02-04 19:00:00,180.898
2019-02-04 20:00:00,157.06
2019-02-04 21:00:00,135.498
2019-02-04 22:00:00,124.079
2019-02-04 23:00:00,115.096
2019-02-05 00:00:00,102.616
2019-02-05 01:00:00,84.63
2019-02-05 02:00:00,80.644
2019-02-05 03:00:00,83.052
2019-02-05 04:00:00,80.678
2019-02-05 05:00:00,87.329
2019-02-05 06:00:00,104.071
2019-02-05 07:00:00,173.066
2019-02-05 08:00:00,237.558
2019-02-05 09:00:00,262.962
2019-02-05 10:00:00,297.289
2019-02-05 11:00:00,296.831
2019-02-05 12:00:00,298.837
2019-02-05 13:00:00,291.904
2019-02-05 14:00:00,278.504
2019-02-05 15:00:00,287.739
2019-02-05 16:00:00,278.455
2019-02-05 17:00:00,260.929
2019-02-05 18:00:00,222.466
2019-02-05 19:00:00,172.077
2019-02-05 20:00:00,141.639
2019-02-05 21:00:00,131.144
2019-02-05 22:00:00,125.725
2019-02-05 23:00:00,114.765
2019-02-06 00:00:00,119.864
2019-02-06 01:00:00,117.162
2019-02-06 02:00:00,116.03
2019-02-06 03:00:00,118.482
2019-02-06 04:00:00,116.54
2019-02-06 05:00:00,114.123
2019-02-06 06:00:00,111.684
2019-02-06 07:00:00,111.313
2019-02-06 08:00:00,118.54
2019-02-06 09:00:00,119.556
2019-02-06 10:00:00,118.638
2019-02-06 11:00:00,127.909
2019-02-06 12:00:00,124.666
2019-02-06 13:00:00,126.004
2019-02-06 14:00:00,127.316
2019-02-06 15:00:00,135.52
2019-02-06 16:00:00,139.115
2019-02-06 17:00:00,138.385
2019-02-06 18:00:00,139.428
2019-02-06 19:00:00,136.663
2019-02-06 20:00:00,124.584
2019-02-06 21:00:00,123.098
2019-02-06 22:00:00,121.951
2019-02-06 23:00:00,124.3
2019-02-07 00:00:00,126.164
2019-02-07 01:00:00,127.577
2019-02-07 02:00:00,123.638
2019-02-07 03:00:00,121.543
2019-02-07 04:00:00,120.424
2019-02-07 05:00:00,128.363
2019-02-07 06:00:00,136.936
2019-02-07 07:00:00,197.088
2019-02-07 08:00:00,266.58
2019-02-07 09:00:00,307.976
2019-02-07 10:00:00,354.141
2019-02-07 11:00:00,364.424
2019-02-07 12:00:00,385.259
2019-02-07 13:00:00,381.96
2019-02-07 14:00:00,372.028
2019-02-07 15:00:00,387.518
2019-02-07 16:00:00,372.28
2019-02-07 17:00:00,359.477
2019-02-07 18:00:00,291.461
2019-02-07 19:00:00,235.258
2019-02-07 20:00:00,162.62
2019-02-07 21:00:00,145.802
2019-02-07 22:00:00,140.979
2019-02-07 23:00:00,136.945
2019-02-08 00:00:00,117.111
2019-02-08 01:00:00,118.477
2019-02-08 02:00:00,117.993
2019-02-08 03:00:00,117.311
2019-02-08 04:00:00,114.948
2019-02-08 05:00:00,118.57
2019-02-08 06:00:00,131.806
2019-02-08 07:00:00,171.819
2019-02-08 08:00:00,241.966
2019-02-08 09:00:00,255.119
2019-02-08 10:00:00,275.684
2019-02-08 11:00:00,270.844
2019-02-08 12:00:00,277.791
2019-02-08 13:00:00,268.57
2019-02-08 14:00:00,283.867
2019-02-08 15:00:00,296.471
2019-02-08 16:00:00,285.612
2019-02-08 17:00:00,267.576
2019-02-08 18:00:00,224.987
2019-02-08 19:00:00,172.347
2019-02-08 20:00:00,127.213
2019-02-08 21:00:00,115.695
2019-02-08 22:00:00,108.973
2019-02-08 23:00:00,104.11
2019-02-09 00:00:00,96.615
2019-02-09 01:00:00,99.062
2019-02-09 02:00:00,98.194
2019-02-09 03:00:00,97.538
2019-02-09 04:00:00,101.272
2019-02-09 05:00:00,113.372
2019-02-09 06:00:00,114.216
2019-02-09 07:00:00,141.348
2019-02-09 08:00:00,240.225
2019-02-09 09:00:00,244.35
2019-02-09 10:00:00,268.814
2019-02-09 11:00:00,269.564
2019-02-09 12:00:00,275.186
2019-02-09 13:00:00,270.637
2019-02-09 14:00:00,287.98
2019-02-09 15:00:00,295.344
2019-02-09 16:00:00,292.494
2019-02-09 17:00:00,266.739
2019-02-09 18:00:00,244.974
2019-02-09 19:00:00,177.805
2019-02-09 20:00:00,133.011
2019-02-09 21:00:00,124.841
2019-02-09 22:00:00,118.214
2019-02-09 23:00:00,112.494
2019-02-10 00:00:00,125.849
2019-02-10 01:00:00,130.232
2019-02-10 02:00:00,121.172
2019-02-10 03:00:00,120.908
2019-02-10 04:00:00,127.766
2019-02-10 05:00:00,134.5
2019-02-10 06:00:00,140.541
2019-02-10 07:00:00,176.947
2019-02-10 08:00:00,264.135
2019-02-10 09:00:00,306.683
2019-02-10 10:00:00,333.009
2019-02-10 11:00:00,341.173
2019-02-10 12:00:00,352.959
2019-02-10 13:00:00,345.763
2019-02-10 14:00:00,359.372
2019-02-10 15:00:00,325.821
2019-02-10 16:00:00,325.305
2019-02-10 17:00:00,288.891
2019-02-10 18:00:00,262.894
2019-02-10 19:00:00,211.617
2019-02-10 20:00:00,157.368
2019-02-10 21:00:00,141.757
2019-02-10 22:00:00,140.687
2019-02-10 23:00:00,132.73
2019-02-11 00:00:00,101.638
2019-02-11 01:00:00,100.631
2019-02-11 02:00:00,96.059
2019-02-11 03:00:00,92.384
2019-02-11 04:00:00,91.016
2019-02-11 05:00:00,90.685
2019-02-11 06:00:00,98.374
2019-02-11 07:00:00,110.343
2019-02-11 08:00:00,121.058
2019-02-11 09:00:00,129.571
2019-02-11 10:00:00,131.409
2019-02-11 11:00:00,125.17
2019-02-11 12:00:00,117.613
2019-02-11 13:00:00,114.411
2019-02-11 14:00:00,114.927
2019-02-11 15:00:00,122.998
2019-02-11 16:00:00,128.246
2019-02-11 17:00:00,125.545
2019-02-11 18:00:00,124.892
2019-02-11 19:00:00,113.139
2019-02-11 20:00:00,108.033
2019-02-11 21:00:00,100.383
2019-02-11 22:00:00,99.161
2019-02-11 23:00:00,100.3
2019-02-12 00:00:00,112.559
2019-02-12 01:00:00,110.261
2019-02-12 02:00:00,110.973
2019-02-12 03:00:00,111.13
2019-02-12 04:00:00,109.055
2019-02-12 05:00:00,129.098
2019-02-12 06:00:00,134.561
2019-02-12 07:00:00,193.064
2019-02-12 08:00:00,288.274
2019-02-12 09:00:00,337.393
2019-02-12 10:00:00,397.148
2019-02-12 11:00:00,424.057
2019-02-12 12:00:00,459.377
2019-02-12 13:00:00,414.551
2019-02-12 14:00:00,405.727
2019-02-12 15:00:00,385.031
2019-02-12 16:00:00,375.977
2019-02-12 17:00:00,336.417
2019-02-12 18:00:00,282.629
2019-02-12 19:00:00,229.118
2019-02-12 20:00:00,168.642
2019-02-12 21:00:00,152.908
2019-02-12 22:00:00,147.749
2019-02-12 23:00:00,134.943
2019-02-13 00:00:00,124.335
2019-02-13 01:00:00,115.836
2019-02-13 02:00:00,116.27
2019-02-13 03:00:00,116.06
2019-02-13 04:00:00,110.513
2019-02-13 05:00:00,129.99
2019-02-13 06:00:00,147.584
2019-02-13 07:00:00,227.323
2019-02-13 08:00:00,376.117
2019-02-13 09:00:00,403.049
2019-02-13 10:00:00,393.447
2019-02-13 11:00:00,395.732
2019-02-13 12:00:00,389.531
2019-02-13 13:00:00,372.804
2019-02-13 14:00:00,344.774
2019-02-13 15:00:00,325.657
2019-02-13 16:00:00,316.544
2019-02-13 17:00:00,309.285
2019-02-13 18:00:00,259.544
2019-02-13 19:00:00,185.674
2019-02-13 20:00:00,142.521
2019-02-13 21:00:00,141.142
2019-02-13 22:00:00,130.742
2019-02-13 23:00:00,129.448
2019-02-14 00:00:00,125.456
2019-02-14 01:00:00,121.149
2019-02-14 02:00:00,120.521
2019-02-14 03:00:00,118.516
2019-02-14 04:00:00,113.509
2019-02-14 05:00:00,121.904
2019-02-14 06:00:00,137.651
2019-02-14 07:00:00,217.656
2019-02-14 08:00:00,342.962
2019-02-14 09:00:00,374.489
2019-02-14 10:00:00,370.484
2019-02-14 11:00:00,370.315
2019-02-14 12:00:00,346.301
2019-02-14 13:00:00,348.99
2019-02-14 14:00:00,373.821
2019-02-14 15:00:00,362.865
2019-02-14 16:00:00,327.932
2019-02-14 17:00:00,294.456
2019-02-14 18:00:00,274.492
2019-02-14 19:00:00,187.213
2019-02-14 20:00:00,151.287
2019-02-14 21:00:00,128.885
2019-02-14 22:00:00,116.101
2019-02-14 23:00:00,131.641
2019-02-15 00:00:00,125.308
2019-02-15 01:00:00,119.704
2019-02-15 02:00:00,114.35
2019-02-15 03:00:00,109.186
2019-02-15 04:00:00,105.419
2019-02-15 05:00:00,116.772
2019-02-15 06:00:00,134.222
2019-02-15 07:00:00,209.445
2019-02-15 08:00:00,341.579
2019-02-15 09:00:00,347.013
2019-02-15 10:00:00,357.226
2019-02-15 11:00:00,365.371
2019-02-15 12:00:00,371.438
2019-02-15 13:00:00,349.1
2019-02-15 14:00:00,357.313
2019-02-15 15:00:00,315.048
2019-02-15 16:00:00,300.433
2019-02-15 17:00:00,288.915
2019-02-15 18:00:00,271.388
2019-02-15 19:00:00,192.564
2019-02-15 20:00:00,151.573
2019-02-15 21:00:00,135.096
2019-02-15 22:00:00,118.826
2019-02-15 23:00:00,120.403
2019-02-16 00:00:00,117.837
2019-02-16 01:00:00,110.765
2019-02-16 02:00:00,105.162
2019-02-16 03:00:00,102.794
2019-02-16 04:00:00,99.634
2019-02-16 05:00:00,103.137
2019-02-16 06:00:00,99.213
2019-02-16 07:00:00,122.668
2019-02-16 08:00:00,142.265
2019-02-16 09:00:00,134.169
2019-02-16 10:00:00,134.497
2019-02-16 11:00:00,142.439
2019-02-16 12:00:00,149.081
2019-02-16 13:00:00,150.301
2019-02-16 14:00:00,150.49
2019-02-16 15:00:00,145.275
2019-02-16 16:00:00,146.592
2019-02-16 17:00:00,150.447
2019-02-16 18:00:00,154.678
2019-02-16 19:00:00,148.272
2019-02-16 20:00:00,142.548
2019-02-16 21:00:00,139.446
2019-02-16 22:00:00,142.56
2019-02-16 23:00:00,140.37
2019-02-17 00:00:00,139.475
2019-02-17 01:00:00,142.226
2019-02-17 02:00:00,133.969
2019-02-17 03:00:00,129.252
2019-02-17 04:00:00,121.757
2019-02-17 05:00:00,119.106
2019-02-17 06:00:00,115.405
2019-02-17 07:00:00,115.556
2019-02-17 08:00:00,118.343
2019-02-17 09:00:00,122.151
2019-02-17 10:00:00,117.364
2019-02-17 11:00:00,116.854
2019-02-17 12:00:00,117.477
2019-02-17 13:00:00,120.454
2019-02-17 14:00:00,116.937
2019-02-17 15:00:00,116.667
2019-02-17 16:00:00,117.022
2019-02-17 17:00:00,119.016
2019-02-17 18:00:00,119.348
2019-02-17 19:00:00,107.148
2019-02-17 20:00:00,107.066
2019-02-17 21:00:00,104.755
2019-02-17 22:00:00,106.376
2019-02-17 23:00:00,104.339
2019-02-18 00:00:00,104.579
2019-02-18 01:00:00,109.379
2019-02-18 02:00:00,108.705
2019-02-18 03:00:00,107.547
2019-02-18 04:00:00,107.483
2019-02-18 05:00:00,120.518
2019-02-18 06:00:00,150.062
2019-02-18 07:00:00,229.818
2019-02-18 08:00:00,373.673
2019-02-18 09:00:00,435.059
2019-02-18 10:00:00,473.639
2019-02-18 11:00:00,488.719
2019-02-18 12:00:00,519.844
2019-02-18 13:00:00,456.952
2019-02-18 14:00:00,449.912
2019-02-18 15:00:00,440.272
2019-02-18 16:00:00,417.287
2019-02-18 17:00:00,382.647
2019-02-18 18:00:00,322.784
2019-02-18 19:00:00,225.853
2019-02-18 20:00:00,177.512
2019-02-18 21:00:00,154.59
2019-02-18 22:00:00,139.556
2019-02-18 23:00:00,131.046
2019-02-19 00:00:00,123.829
2019-02-19 01:00:00,120.946
2019-02-19 02:00:00,115.828
2019-02-19 03:00:00,111.177
2019-02-19 04:00:00,112.884
2019-02-19 05:00:00,127.571
2019-02-19 06:00:00,148.765
2019-02-19 07:00:00,224.854
2019-02-19 08:00:00,364.83
2019-02-19 09:00:00,407.695
2019-02-19 10:00:00,424.846
2019-02-19 11:00:00,403.246
2019-02-19 12:00:00,402.78
2019-02-19 13:00:00,375.945
2019-02-19 14:00:00,406.86
2019-02-19 15:00:00,392.757
2019-02-19 16:00:00,349.287
2019-02-19 17:00:00,317.269
2019-02-19 18:00:00,288.968
2019-02-19 19:00:00,207.578
2019-02-19 20:00:00,149.035
2019-02-19 21:00:00,132.266
2019-02-19 22:00:00,132.825
2019-02-19 23:00:00,123.677
2019-02-20 00:00:00,120.44
2019-02-20 01:00:00,113.22
2019-02-20 02:00:00,104.331
2019-02-20 03:00:00,104.208
2019-02-20 04:00:00,105.462
2019-02-20 05:00:00,119.066
2019-02-20 06:00:00,132.012
2019-02-20 07:00:00,219.989
2019-02-20 08:00:00,364.465
2019-02-20 09:00:00,407.698
2019-02-20 10:00:00,416.412
2019-02-20 11:00:00,426.999
2019-02-20 12:00:00,442.029
2019-02-20 13:00:00,415.333
2019-02-20 14:00:00,372.677
2019-02-20 15:00:00,373.881
2019-02-20 16:00:00,355.458
2019-02-20 17:00:00,309.881
2019-02-20 18:00:00,266.461
2019-02-20 19:00:00,188.7
2019-02-20 20:00:00,144.64
2019-02-20 21:00:00,131.395
2019-02-20 22:00:00,127.672
2019-02-20 23:00:00,121.029
2019-02-21 00:00:00,117.818
2019-02-21 01:00:00,112.627
2019-02-21 02:00:00,103.625
2019-02-21 03:00:00,96.378
2019-02-21 04:00:00,98.108
2019-02-21 05:00:00,106.076
2019-02-21 06:00:00,135.235
2019-02-21 07:00:00,212.74
2019-02-21 08:00:00,343.56
2019-02-21 09:00:00,391.157
2019-02-21 10:00:00,418.027
2019-02-21 11:00:00,404.26
2019-02-21 12:00:00,401.542
2019-02-21 13:00:00,380.824
2019-02-21 14:00:00,350.224
2019-02-21 15:00:00,340.702
2019-02-21 16:00:00,327.099
2019-02-21 17:00:00,312.474
2019-02-21 18:00:00,263.345
2019-02-21 19:00:00,196.301
2019-02-21 20:00:00,169.971
2019-02-21 21:00:00,149.951
2019-02-21 22:00:00,145.964
2019-02-21 23:00:00,139.28
2019-02-22 00:00:00,137.626
2019-02-22 01:00:00,114.895
2019-02-22 02:00:00,110.475
2019-02-22 03:00:00,96.841
2019-02-22 04:00:00,98.154
2019-02-22 05:00:00,113.137
2019-02-22 06:00:00,135.845
2019-02-22 07:00:00,217.375
2019-02-22 08:00:00,354.888
2019-02-22 09:00:00,370.24
2019-02-22 10:00:00,353.727
2019-02-22 11:00:00,358.44
2019-02-22 12:00:00,381.469
2019-02-22 13:00:00,364.728
2019-02-22 14:00:00,370.626
2019-02-22 15:00:00,350.966
2019-02-22 16:00:00,335.72
2019-02-22 17:00:00,270.866
2019-02-22 18:00:00,234.35
2019-02-22 19:00:00,184.711
2019-02-22 20:00:00,157.717
2019-02-22 21:00:00,137.753
2019-02-22 22:00:00,129.039
2019-02-22 23:00:00,126.692
2019-02-23 00:00:00,119.377
2019-02-23 01:00:00,111.329
2019-02-23 02:00:00,110.21
2019-02-23 03:00:00,108.396
2019-02-23 04:00:00,109.016
2019-02-23 05:00:00,111.593
2019-02-23 06:00:00,135.621
2019-02-23 07:00:00,124.194
2019-02-23 08:00:00,127.035
2019-02-23 09:00:00,130.448
2019-02-23 10:00:00,135.672
2019-02-23 11:00:00,141.31
2019-02-23 12:00:00,141.38
2019-02-23 13:00:00,136.484
2019-02-23 14:00:00,132.348
2019-02-23 15:00:00,124.19
2019-02-23 16:00:00,124.969
2019-02-23 17:00:00,119.899
2019-02-23 18:00:00,119.049
2019-02-23 19:00:00,117.231
2019-02-23 20:00:00,117.974
2019-02-23 21:00:00,111.341
2019-02-23 22:00:00,114.356
2019-02-23 23:00:00,112.946
2019-02-24 00:00:00,111.581
2019-02-24 01:00:00,113.433
2019-02-24 02:00:00,112.002
2019-02-24 03:00:00,112.323
2019-02-24 04:00:00,108.245
2019-02-24 05:00:00,108.452
2019-02-24 06:00:00,107.189
2019-02-24 07:00:00,106.216
2019-02-24 08:00:00,105.226
2019-02-24 09:00:00,104.982
2019-02-24 10:00:00,105.803
2019-02-24 11:00:00,106.97
2019-02-24 12:00:00,106.694
2019-02-24 13:00:00,107.323
2019-02-24 14:00:00,108.523
2019-02-24 15:00:00,110.653
2019-02-24 16:00:00,110.51
2019-02-24 17:00:00,111.689
2019-02-24 18:00:00,113.959
2019-02-24 19:00:00,113.483
2019-02-24 20:00:00,113.33
2019-02-24 21:00:00,111.698
2019-02-24 22:00:00,114.079
2019-02-24 23:00:00,111.863
2019-02-25 00:00:00,111.443
2019-02-25 01:00:00,92.795
2019-02-25 02:00:00,93.821
2019-02-25 03:00:00,92.919
2019-02-25 04:00:00,93.254
2019-02-25 05:00:00,109.145
2019-02-25 06:00:00,118.912
2019-02-25 07:00:00,202.516
2019-02-25 08:00:00,341.163
2019-02-25 09:00:00,380.758
2019-02-25 10:00:00,385.897
2019-02-25 11:00:00,344.544
2019-02-25 12:00:00,351.761
2019-02-25 13:00:00,333.342
2019-02-25 14:00:00,324.712
2019-02-25 15:00:00,321.877
2019-02-25 16:00:00,328.007
2019-02-25 17:00:00,293.786
2019-02-25 18:00:00,259.237
2019-02-25 19:00:00,183.611
2019-02-25 20:00:00,151.624
2019-02-25 21:00:00,124.324
2019-02-25 22:00:00,106.937
2019-02-25 23:00:00,101.53
2019-02-26 00:00:00,97.775
2019-02-26 01:00:00,89.43
2019-02-26 02:00:00,89.933
2019-02-26 03:00:00,87.077
2019-02-26 04:00:00,86.301
2019-02-26 05:00:00,111.907
2019-02-26 06:00:00,129.811
2019-02-26 07:00:00,204.635
2019-02-26 08:00:00,325.151
2019-02-26 09:00:00,317.928
2019-02-26 10:00:00,328.738
2019-02-26 11:00:00,336.924
2019-02-26 12:00:00,350.767
2019-02-26 13:00:00,343.07
2019-02-26 14:00:00,348.653
2019-02-26 15:00:00,346.147
2019-02-26 16:00:00,312.553
2019-02-26 17:00:00,275.86
2019-02-26 18:00:00,250.787
2019-02-26 19:00:00,201.441
2019-02-26 20:00:00,175.356
2019-02-26 21:00:00,146.927
2019-02-26 22:00:00,142.121
2019-02-26 23:00:00,134.638
2019-02-27 00:00:00,131.272
2019-02-27 01:00:00,107.957
2019-02-27 02:00:00,99.41
2019-02-27 03:00:00,97.181
2019-02-27 04:00:00,98.709
2019-02-27 05:00:00,113.286
2019-02-27 06:00:00,128.4
2019-02-27 07:00:00,200.128
2019-02-27 08:00:00,315.085
2019-02-27 09:00:00,313.264
2019-02-27 10:00:00,332.232
2019-02-27 11:00:00,333.438
2019-02-27 12:00:00,365.882
2019-02-27 13:00:00,351.611
2019-02-27 14:00:00,337.177
2019-02-27 15:00:00,360.5
2019-02-27 16:00:00,341.49
2019-02-27 17:00:00,305.965
2019-02-27 18:00:00,272.841
2019-02-27 19:00:00,214.563
2019-02-27 20:00:00,176.548
2019-02-27 21:00:00,154.901
2019-02-27 22:00:00,140.494
2019-02-27 23:00:00,138.338
2019-02-28 00:00:00,135.804
2019-02-28 01:00:00,123.044
2019-02-28 02:00:00,120.092
2019-02-28 03:00:00,113.358
2019-02-28 04:00:00,115.606
2019-02-28 05:00:00,119.464
2019-02-28 06:00:00,145.426
2019-02-28 07:00:00,217.865
2019-02-28 08:00:00,330.136
2019-02-28 09:00:00,321.405
2019-02-28 10:00:00,343.257
2019-02-28 11:00:00,372.795
2019-02-28 12:00:00,376.78
2019-02-28 13:00:00,361.484
2019-02-28 14:00:00,371.478
2019-02-28 15:00:00,340.182
2019-02-28 16:00:00,324.783
2019-02-28 17:00:00,297.835
2019-02-28 18:00:00,275.002
2019-02-28 19:00:00,231.182
2019-02-28 20:00:00,197.8
2019-02-28 21:00:00,172.81
2019-02-28 22:00:00,159.854
2019-02-28 23:00:00,153.171
2019-03-01 00:00:00,135.007
2019-03-01 01:00:00,136.594
2019-03-01 02:00:00,130.572
2019-03-01 03:00:00,129.408
2019-03-01 04:00:00,129.672
2019-03-01 05:00:00,131.664
2019-03-01 06:00:00,147.52
2019-03-01 07:00:00,187.571
2019-03-01 08:00:00,280.783
2019-03-01 09:00:00,353.677
2019-03-01 10:00:00,427.033
2019-03-01 11:00:00,449.536
2019-03-01 12:00:00,464.98
2019-03-01 13:00:00,445.073
2019-03-01 14:00:00,445.347
2019-03-01 15:00:00,446.286
2019-03-01 16:00:00,436.583
2019-03-01 17:00:00,404.246
2019-03-01 18:00:00,358.49
2019-03-01 19:00:00,260.924
2019-03-01 20:00:00,193.372
2019-03-01 21:00:00,168.536
2019-03-01 22:00:00,158.456
2019-03-01 23:00:00,161.436
2019-03-02 00:00:00,127.143
2019-03-02 01:00:00,127.805
2019-03-02 02:00:00,123.889
2019-03-02 03:00:00,123.237
2019-03-02 04:00:00,116.026
2019-03-02 05:00:00,109.575
2019-03-02 06:00:00,107.721
2019-03-02 07:00:00,113.088
2019-03-02 08:00:00,108.834
2019-03-02 09:00:00,107.774
2019-03-02 10:00:00,113.436
2019-03-02 11:00:00,115.096
2019-03-02 12:00:00,117.151
2019-03-02 13:00:00,119.045
2019-03-02 14:00:00,126.257
2019-03-02 15:00:00,131.867
2019-03-02 16:00:00,140.155
2019-03-02 17:00:00,144.196
2019-03-02 18:00:00,149.411
2019-03-02 19:00:00,148.184
2019-03-02 20:00:00,147.387
2019-03-02 21:00:00,145.452
2019-03-02 22:00:00,138.452
2019-03-02 23:00:00,135.213
2019-03-03 00:00:00,105.675
2019-03-03 01:00:00,103.496
2019-03-03 02:00:00,106.593
2019-03-03 03:00:00,104.742
2019-03-03 04:00:00,104.68
2019-03-03 05:00:00,105.07
2019-03-03 06:00:00,102.918
2019-03-03 07:00:00,101.913
2019-03-03 08:00:00,99.25
2019-03-03 09:00:00,102.153
2019-03-03 10:00:00,101.409
2019-03-03 11:00:00,102.76
2019-03-03 12:00:00,102.265
2019-03-03 13:00:00,104.032
2019-03-03 14:00:00,108.57
2019-03-03 15:00:00,105.882
2019-03-03 16:00:00,106.558
2019-03-03 17:00:00,107.977
2019-03-03 18:00:00,112.869
2019-03-03 19:00:00,113.078
2019-03-03 20:00:00,109.853
2019-03-03 21:00:00,106.836
2019-03-03 22:00:00,106.387
2019-03-03 23:00:00,104.954
2019-03-04 00:00:00,106.76
2019-03-04 01:00:00,84.437
2019-03-04 02:00:00,82.526
2019-03-04 03:00:00,81.015
2019-03-04 04:00:00,84.31
2019-03-04 05:00:00,96.875
2019-03-04 06:00:00,115.168
2019-03-04 07:00:00,173.156
2019-03-04 08:00:00,236.038
2019-03-04 09:00:00,293.45
2019-03-04 10:00:00,338.471
2019-03-04 11:00:00,352.277
2019-03-04 12:00:00,364.131
2019-03-04 13:00:00,363.424
2019-03-04 14:00:00,325.775
2019-03-04 15:00:00,320.99
2019-03-04 16:00:00,299.692
2019-03-04 17:00:00,260.031
2019-03-04 18:00:00,229.978
2019-03-04 19:00:00,190.847
2019-03-04 20:00:00,157.826
2019-03-04 21:00:00,133.362
2019-03-04 22:00:00,124.705
2019-03-04 23:00:00,111.846
2019-03-05 00:00:00,113.35
2019-03-05 01:00:00,97.552
2019-03-05 02:00:00,96.871
2019-03-05 03:00:00,89.748
2019-03-05 04:00:00,90.568
2019-03-05 05:00:00,99.792
2019-03-05 06:00:00,120.729
2019-03-05 07:00:00,176.055
2019-03-05 08:00:00,223.347
2019-03-05 09:00:00,247.624
2019-03-05 10:00:00,288.489
2019-03-05 11:00:00,292.68
2019-03-05 12:00:00,312.636
2019-03-05 13:00:00,287.196
2019-03-05 14:00:00,299.403
2019-03-05 15:00:00,295.018
2019-03-05 16:00:00,278.878
2019-03-05 17:00:00,247.248
2019-03-05 18:00:00,216.657
2019-03-05 19:00:00,167.109
2019-03-05 20:00:00,133.169
2019-03-05 21:00:00,119.624
2019-03-05 22:00:00,111.607
2019-03-05 23:00:00,106.602
2019-03-06 00:00:00,124.128
2019-03-06 01:00:00,124.724
2019-03-06 02:00:00,123.335
2019-03-06 03:00:00,122.268
2019-03-06 04:00:00,123.575
2019-03-06 05:00:00,137.299
2019-03-06 06:00:00,140.184
2019-03-06 07:00:00,200.903
2019-03-06 08:00:00,348.698
2019-03-06 09:00:00,370.11
2019-03-06 10:00:00,419.189
2019-03-06 11:00:00,416.773
2019-03-06 12:00:00,405.726
2019-03-06 13:00:00,388.436
2019-03-06 14:00:00,426.436
2019-03-06 15:00:00,417.861
2019-03-06 16:00:00,398.752
2019-03-06 17:00:00,353.919
2019-03-06 18:00:00,297.134
2019-03-06 19:00:00,201.741
2019-03-06 20:00:00,153.332
2019-03-06 21:00:00,141.506
2019-03-06 22:00:00,139.425
2019-03-06 23:00:00,134.795
2019-03-07 00:00:00,136.203
2019-03-07 01:00:00,136.181
2019-03-07 02:00:00,135.784
2019-03-07 03:00:00,133.047
2019-03-07 04:00:00,132.776
2019-03-07 05:00:00,136.939
2019-03-07 06:00:00,143.67
2019-03-07 07:00:00,195.015
2019-03-07 08:00:00,286.106
2019-03-07 09:00:00,338.437
2019-03-07 10:00:00,350.401
2019-03-07 11:00:00,385.48
2019-03-07 12:00:00,387.737
2019-03-07 13:00:00,397.254
2019-03-07 14:00:00,377.868
2019-03-07 15:00:00,384.373
2019-03-07 16:00:00,377.054
2019-03-07 17:00:00,336.656
2019-03-07 18:00:00,265.606
2019-03-07 19:00:00,205.636
2019-03-07 20:00:00,161.613
2019-03-07 21:00:00,149.968
2019-03-07 22:00:00,141.312
2019-03-07 23:00:00,141.567
2019-03-08 00:00:00,101.842
2019-03-08 01:00:00,101.718
2019-03-08 02:00:00,103.769
2019-03-08 03:00:00,102.499
2019-03-08 04:00:00,105.039
2019-03-08 05:00:00,106.602
2019-03-08 06:00:00,109.896
2019-03-08 07:00:00,108.056
2019-03-08 08:00:00,109.59
2019-03-08 09:00:00,109.891
2019-03-08 10:00:00,114.445
2019-03-08 11:00:00,114.561
2019-03-08 12:00:00,119.482
2019-03-08 13:00:00,120.26
2019-03-08 14:00:00,122.617
2019-03-08 15:00:00,116.686
2019-03-08 16:00:00,115.974
2019-03-08 17:00:00,121.868
2019-03-08 18:00:00,111.544
2019-03-08 19:00:00,106.864
2019-03-08 20:00:00,104.375
2019-03-08 21:00:00,104.766
2019-03-08 22:00:00,105.133
2019-03-08 23:00:00,103.476
2019-03-09 00:00:00,106.62
2019-03-09 01:00:00,103.376
2019-03-09 02:00:00,105.278
2019-03-09 03:00:00,103.223
2019-03-09 04:00:00,106.456
2019-03-09 05:00:00,118.087
2019-03-09 06:00:00,121.151
2019-03-09 07:00:00,144.155
2019-03-09 08:00:00,242.497
2019-03-09 09:00:00,282.942
2019-03-09 10:00:00,294.652
2019-03-09 11:00:00,293.378
2019-03-09 12:00:00,284.858
2019-03-09 13:00:00,296.094
2019-03-09 14:00:00,311.583
2019-03-09 15:00:00,301.943
2019-03-09 16:00:00,292.224
2019-03-09 17:00:00,284.156
2019-03-09 18:00:00,246.165
2019-03-09 19:00:00,188.006
2019-03-09 20:00:00,143.023
2019-03-09 21:00:00,132.658
2019-03-09 22:00:00,123.965
2019-03-09 23:00:00,121.351
2019-03-10 00:00:00,123.766
2019-03-10 01:00:00,122.19
2019-03-10 02:00:00,124.139
2019-03-10 03:00:00,118.949
2019-03-10 04:00:00,118.397
2019-03-10 05:00:00,131.53
2019-03-10 06:00:00,136.027
2019-03-10 07:00:00,168.556
2019-03-10 08:00:00,254.975
2019-03-10 09:00:00,290.15
2019-03-10 10:00:00,339.149
2019-03-10 11:00:00,356.583
2019-03-10 12:00:00,389.858
2019-03-10 13:00:00,390.139
2019-03-10 14:00:00,373.423
2019-03-10 15:00:00,385.417
2019-03-10 16:00:00,339.203
2019-03-10 17:00:00,326.585
2019-03-10 18:00:00,296.201
2019-03-10 19:00:00,229.088
2019-03-10 20:00:00,159.46
2019-03-10 21:00:00,148.997
2019-03-10 22:00:00,150.863
2019-03-10 23:00:00,135.769
2019-03-11 00:00:00,98.702
2019-03-11 01:00:00,96.719
2019-03-11 02:00:00,94.653
2019-03-11 03:00:00,94.166
2019-03-11 04:00:00,93.061
2019-03-11 05:00:00,92.216
2019-03-11 06:00:00,91.333
2019-03-11 07:00:00,90.046
2019-03-11 08:00:00,90.77
2019-03-11 09:00:00,90.778
2019-03-11 10:00:00,94.413
2019-03-11 11:00:00,97.428
2019-03-11 12:00:00,97.743
2019-03-11 13:00:00,99.449
2019-03-11 14:00:00,102.231
2019-03-11 15:00:00,108.377
2019-03-11 16:00:00,110.247
2019-03-11 17:00:00,112.626
2019-03-11 18:00:00,112.924
2019-03-11 19:00:00,112.179
2019-03-11 20:00:00,106.882
2019-03-11 21:00:00,104.25
2019-03-11 22:00:00,105.311
2019-03-11 23:00:00,102.078
2019-03-12 00:00:00,122.313
2019-03-12 01:00:00,115.186
2019-03-12 02:00:00,115.818
2019-03-12 03:00:00,114.003
2019-03-12 04:00:00,114.597
2019-03-12 05:00:00,126.368
2019-03-12 06:00:00,137.578
2019-03-12 07:00:00,195.231
2019-03-12 08:00:00,284.202
2019-03-12 09:00:00,342.644
2019-03-12 10:00:00,383.31
2019-03-12 11:00:00,418.494
2019-03-12 12:00:00,418.35
2019-03-12 13:00:00,390.715
2019-03-12 14:00:00,405.257
2019-03-12 15:00:00,385.535
2019-03-12 16:00:00,344.862
2019-03-12 17:00:00,315.429
2019-03-12 18:00:00,287.584
2019-03-12 19:00:00,228.541
2019-03-12 20:00:00,180.705
2019-03-12 21:00:00,157.62
2019-03-12 22:00:00,153.948
2019-03-12 23:00:00,137.667
2019-03-13 00:00:00,127.956
2019-03-13 01:00:00,127.486
2019-03-13 02:00:00,126.48
2019-03-13 03:00:00,121.328
2019-03-13 04:00:00,120.45
2019-03-13 05:00:00,142.569
2019-03-13 06:00:00,154.718
2019-03-13 07:00:00,209.736
2019-03-13 08:00:00,308.67
2019-03-13 09:00:00,318.8
2019-03-13 10:00:00,342.783
2019-03-13 11:00:00,354.906
2019-03-13 12:00:00,364.826
2019-03-13 13:00:00,347.57
2019-03-13 14:00:00,367.624
2019-03-13 15:00:00,354.887
2019-03-13 16:00:00,323.855
2019-03-13 17:00:00,286.425
2019-03-13 18:00:00,269.759
2019-03-13 19:00:00,217.449
2019-03-13 20:00:00,174.553
2019-03-13 21:00:00,143.48
2019-03-13 22:00:00,138.678
2019-03-13 23:00:00,131.2
2019-03-14 00:00:00,129.083
2019-03-14 01:00:00,111.012
2019-03-14 02:00:00,107.81
2019-03-14 03:00:00,106.452
2019-03-14 04:00:00,105.653
2019-03-14 05:00:00,115.516
2019-03-14 06:00:00,137.593
2019-03-14 07:00:00,215.212
2019-03-14 08:00:00,331.308
2019-03-14 09:00:00,316.097
2019-03-14 10:00:00,329.542
2019-03-14 11:00:00,344.709
2019-03-14 12:00:00,356.445
2019-03-14 13:00:00,341.675
2019-03-14 14:00:00,359.31
2019-03-14 15:00:00,348.915
2019-03-14 16:00:00,322.305
2019-03-14 17:00:00,291.445
2019-03-14 18:00:00,252.554
2019-03-14 19:00:00,207.241
2019-03-14 20:00:00,155.914
2019-03-14 21:00:00,134.485
2019-03-14 22:00:00,126.912
2019-03-14 23:00:00,118.883
2019-03-15 00:00:00,115.106
2019-03-15 01:00:00,108.865
2019-03-15 02:00:00,107.564
2019-03-15 03:00:00,105.395
2019-03-15 04:00:00,105.297
2019-03-15 05:00:00,112.74
2019-03-15 06:00:00,139.167
2019-03-15 07:00:00,223.281
2019-03-15 08:00:00,331.541
2019-03-15 09:00:00,329.129
2019-03-15 10:00:00,331.643
2019-03-15 11:00:00,333.924
2019-03-15 12:00:00,353.512
2019-03-15 13:00:00,339.99
2019-03-15 14:00:00,342.694
2019-03-15 15:00:00,356.883
2019-03-15 16:00:00,329.366
2019-03-15 17:00:00,269.618
2019-03-15 18:00:00,250.654
2019-03-15 19:00:00,200.887
2019-03-15 20:00:00,161.991
2019-03-15 21:00:00,143.783
2019-03-15 22:00:00,137.262
2019-03-15 23:00:00,130.717
2019-03-16 00:00:00,125.166
2019-03-16 01:00:00,119.225
2019-03-16 02:00:00,120.134
2019-03-16 03:00:00,116.184
2019-03-16 04:00:00,116.391
2019-03-16 05:00:00,113.088
2019-03-16 06:00:00,122.63
2019-03-16 07:00:00,135.2
2019-03-16 08:00:00,151.73
2019-03-16 09:00:00,144.707
2019-03-16 10:00:00,150.004
2019-03-16 11:00:00,146.059
2019-03-16 12:00:00,151.841
2019-03-16 13:00:00,141.62
2019-03-16 14:00:00,138.093
2019-03-16 15:00:00,136.554
2019-03-16 16:00:00,131.665
2019-03-16 17:00:00,126.597
2019-03-16 18:00:00,126.676
2019-03-16 19:00:00,127.297
2019-03-16 20:00:00,122.224
2019-03-16 21:00:00,121.154
2019-03-16 22:00:00,120.029
2019-03-16 23:00:00,120.721
2019-03-17 00:00:00,118.067
2019-03-17 01:00:00,116.997
2019-03-17 02:00:00,114.458
2019-03-17 03:00:00,115.379
2019-03-17 04:00:00,113.456
2019-03-17 05:00:00,112.839
2019-03-17 06:00:00,110.447
2019-03-17 07:00:00,109.925
2019-03-17 08:00:00,111.713
2019-03-17 09:00:00,111.576
2019-03-17 10:00:00,113.922
2019-03-17 11:00:00,113.619
2019-03-17 12:00:00,116.843
2019-03-17 13:00:00,114.917
2019-03-17 14:00:00,118.793
2019-03-17 15:00:00,120.195
2019-03-17 16:00:00,122.503
2019-03-17 17:00:00,124.155
2019-03-17 18:00:00,128.023
2019-03-17 19:00:00,126.652
2019-03-17 20:00:00,127.705
2019-03-17 21:00:00,124.654
2019-03-17 22:00:00,124.997
2019-03-17 23:00:00,123.525
2019-03-18 00:00:00,122.658
2019-03-18 01:00:00,102.051
2019-03-18 02:00:00,101.087
2019-03-18 03:00:00,100.151
2019-03-18 04:00:00,99.708
2019-03-18 05:00:00,105.111
2019-03-18 06:00:00,121.776
2019-03-18 07:00:00,215.145
2019-03-18 08:00:00,334.749
2019-03-18 09:00:00,377.365
2019-03-18 10:00:00,411.204
2019-03-18 11:00:00,388.861
2019-03-18 12:00:00,377.255
2019-03-18 13:00:00,354.051
2019-03-18 14:00:00,344.274
2019-03-18 15:00:00,323.472
2019-03-18 16:00:00,313.302
2019-03-18 17:00:00,309.53
2019-03-18 18:00:00,270.894
2019-03-18 19:00:00,198.024
2019-03-18 20:00:00,154.553
2019-03-18 21:00:00,137.608
2019-03-18 22:00:00,135.96
2019-03-18 23:00:00,127.392
2019-03-19 00:00:00,124.747
2019-03-19 01:00:00,103.772
2019-03-19 02:00:00,100.97
2019-03-19 03:00:00,100.243
2019-03-19 04:00:00,101.624
2019-03-19 05:00:00,115.488
2019-03-19 06:00:00,123.481
2019-03-19 07:00:00,210.713
2019-03-19 08:00:00,323.502
2019-03-19 09:00:00,322.744
2019-03-19 10:00:00,322.322
2019-03-19 11:00:00,345.861
2019-03-19 12:00:00,364.597
2019-03-19 13:00:00,358.316
2019-03-19 14:00:00,357.182
2019-03-19 15:00:00,351.386
2019-03-19 16:00:00,321.458
2019-03-19 17:00:00,300.578
2019-03-19 18:00:00,275.449
2019-03-19 19:00:00,203.761
2019-03-19 20:00:00,161.212
2019-03-19 21:00:00,146.209
2019-03-19 22:00:00,141.786
2019-03-19 23:00:00,131.782
2019-03-20 00:00:00,127.427
2019-03-20 01:00:00,110.205
2019-03-20 02:00:00,104.445
2019-03-20 03:00:00,100.742
2019-03-20 04:00:00,100.605
2019-03-20 05:00:00,107.337
2019-03-20 06:00:00,126.192
2019-03-20 07:00:00,206.109
2019-03-20 08:00:00,338.568
2019-03-20 09:00:00,326.09
2019-03-20 10:00:00,323.634
2019-03-20 11:00:00,345.965
2019-03-20 12:00:00,351.346
2019-03-20 13:00:00,334.284
2019-03-20 14:00:00,339.327
2019-03-20 15:00:00,342.149
2019-03-20 16:00:00,331.967
2019-03-20 17:00:00,282.936
2019-03-20 18:00:00,258.598
2019-03-20 19:00:00,217.369
2019-03-20 20:00:00,177.937
2019-03-20 21:00:00,152.743
2019-03-20 22:00:00,137.716
2019-03-20 23:00:00,125.902
2019-03-21 00:00:00,120.762
2019-03-21 01:00:00,99.713
2019-03-21 02:00:00,99.025
2019-03-21 03:00:00,97.729
2019-03-21 04:00:00,99.504
2019-03-21 05:00:00,112.558
2019-03-21 06:00:00,126.39
2019-03-21 07:00:00,197.287
2019-03-21 08:00:00,300.942
2019-03-21 09:00:00,312.892
2019-03-21 10:00:00,321.385
2019-03-21 11:00:00,336.649
2019-03-21 12:00:00,349.123
2019-03-21 13:00:00,355.104
2019-03-21 14:00:00,324.168
2019-03-21 15:00:00,309.317
2019-03-21 16:00:00,306.777
2019-03-21 17:00:00,301.025
2019-03-21 18:00:00,262.941
2019-03-21 19:00:00,211.304
2019-03-21 20:00:00,167.044
2019-03-21 21:00:00,147.906
2019-03-21 22:00:00,142.036
2019-03-21 23:00:00,136.231
2019-03-22 00:00:00,127.028
2019-03-22 01:00:00,104.454
2019-03-22 02:00:00,102.451
2019-03-22 03:00:00,103.844
2019-03-22 04:00:00,101.775
2019-03-22 05:00:00,113.03
2019-03-22 06:00:00,128.19
2019-03-22 07:00:00,197.983
2019-03-22 08:00:00,311.348
2019-03-22 09:00:00,314.215
2019-03-22 10:00:00,310.214
2019-03-22 11:00:00,335.201
2019-03-22 12:00:00,341.454
2019-03-22 13:00:00,338.956
2019-03-22 14:00:00,331.064
2019-03-22 15:00:00,314.674
2019-03-22 16:00:00,306.062
2019-03-22 17:00:00,293.637
2019-03-22 18:00:00,243.085
2019-03-22 19:00:00,183.42
2019-03-22 20:00:00,151.727
2019-03-22 21:00:00,137.353
2019-03-22 22:00:00,127.207
2019-03-22 23:00:00,118.775
2019-03-23 00:00:00,119.191
2019-03-23 01:00:00,118.987
2019-03-23 02:00:00,118.389
2019-03-23 03:00:00,118.609
2019-03-23 04:00:00,115.927
2019-03-23 05:00:00,113.2
2019-03-23 06:00:00,117.588
2019-03-23 07:00:00,127.368
2019-03-23 08:00:00,133.765
2019-03-23 09:00:00,143.331
2019-03-23 10:00:00,152.078
2019-03-23 11:00:00,150.413
2019-03-23 12:00:00,154.245
2019-03-23 13:00:00,148.943
2019-03-23 14:00:00,146.975
2019-03-23 15:00:00,140.926
2019-03-23 16:00:00,137.579
2019-03-23 17:00:00,132.904
2019-03-23 18:00:00,131.012
2019-03-23 19:00:00,132.016
2019-03-23 20:00:00,125.538
2019-03-23 21:00:00,123.428
2019-03-23 22:00:00,123.914
2019-03-23 23:00:00,122.579
2019-03-24 00:00:00,127.471
2019-03-24 01:00:00,125.928
2019-03-24 02:00:00,123.722
2019-03-24 03:00:00,123.11
2019-03-24 04:00:00,120.854
2019-03-24 05:00:00,118.053
2019-03-24 06:00:00,116.353
2019-03-24 07:00:00,114.578
2019-03-24 08:00:00,115.587
2019-03-24 09:00:00,118.036
2019-03-24 10:00:00,117.493
2019-03-24 11:00:00,119.127
2019-03-24 12:00:00,119.363
2019-03-24 13:00:00,120.355
2019-03-24 14:00:00,117.261
2019-03-24 15:00:00,121.427
2019-03-24 16:00:00,120.173
2019-03-24 17:00:00,120.463
2019-03-24 18:00:00,120.84
2019-03-24 19:00:00,127.833
2019-03-24 20:00:00,121.689
2019-03-24 21:00:00,117.607
2019-03-24 22:00:00,117.82
2019-03-24 23:00:00,116.713
2019-03-25 00:00:00,113.432
2019-03-25 01:00:00,97.048
2019-03-25 02:00:00,96.906
2019-03-25 03:00:00,96.835
2019-03-25 04:00:00,95.491
2019-03-25 05:00:00,111.965
2019-03-25 06:00:00,122.083
2019-03-25 07:00:00,197.025
2019-03-25 08:00:00,321.341
2019-03-25 09:00:00,363.327
2019-03-25 10:00:00,341.025
2019-03-25 11:00:00,328.538
2019-03-25 12:00:00,330.076
2019-03-25 13:00:00,318.589
2019-03-25 14:00:00,311.534
2019-03-25 15:00:00,299.946
2019-03-25 16:00:00,296.438
2019-03-25 17:00:00,297.826
2019-03-25 18:00:00,239.608
2019-03-25 19:00:00,183.388
2019-03-25 20:00:00,155.635
2019-03-25 21:00:00,145.848
2019-03-25 22:00:00,130.703
2019-03-25 23:00:00,121.777
2019-03-26 00:00:00,119.605
2019-03-26 01:00:00,103.148
2019-03-26 02:00:00,101.818
2019-03-26 03:00:00,99.548
2019-03-26 04:00:00,100.318
2019-03-26 05:00:00,109.15
2019-03-26 06:00:00,126.083
2019-03-26 07:00:00,201.54
2019-03-26 08:00:00,302.554
2019-03-26 09:00:00,293.929
2019-03-26 10:00:00,314.555
2019-03-26 11:00:00,322.341
2019-03-26 12:00:00,333.591
2019-03-26 13:00:00,323.333
2019-03-26 14:00:00,319.184
2019-03-26 15:00:00,316.4
2019-03-26 16:00:00,315.27
2019-03-26 17:00:00,288.535
2019-03-26 18:00:00,243.052
2019-03-26 19:00:00,193.109
2019-03-26 20:00:00,161.553
2019-03-26 21:00:00,145.23
2019-03-26 22:00:00,134.882
2019-03-26 23:00:00,123.933
2019-03-27 00:00:00,121.457
2019-03-27 01:00:00,102.672
2019-03-27 02:00:00,100.896
2019-03-27 03:00:00,96.978
2019-03-27 04:00:00,97.387
2019-03-27 05:00:00,109.277
2019-03-27 06:00:00,124.419
2019-03-27 07:00:00,204.272
2019-03-27 08:00:00,304.754
2019-03-27 09:00:00,301.667
2019-03-27 10:00:00,331.378
2019-03-27 11:00:00,338.44
2019-03-27 12:00:00,347.052
2019-03-27 13:00:00,333.716
2019-03-27 14:00:00,324.337
2019-03-27 15:00:00,307.896
2019-03-27 16:00:00,305.425
2019-03-27 17:00:00,268.631
2019-03-27 18:00:00,239.654
2019-03-27 19:00:00,197.506
2019-03-27 20:00:00,163.789
2019-03-27 21:00:00,137.499
2019-03-27 22:00:00,132.639
2019-03-27 23:00:00,122.973
2019-03-28 00:00:00,117.657
2019-03-28 01:00:00,97.741
2019-03-28 02:00:00,99.232
2019-03-28 03:00:00,98.614
2019-03-28 04:00:00,98.464
2019-03-28 05:00:00,101.39
2019-03-28 06:00:00,116.654
2019-03-28 07:00:00,206.607
2019-03-28 08:00:00,313.292
2019-03-28 09:00:00,298.289
2019-03-28 10:00:00,322.096
2019-03-28 11:00:00,323.58
2019-03-28 12:00:00,340.914
2019-03-28 13:00:00,325.815
2019-03-28 14:00:00,330.164
2019-03-28 15:00:00,343.911
2019-03-28 16:00:00,367.383
2019-03-28 17:00:00,313.569
2019-03-28 18:00:00,246.977
2019-03-28 19:00:00,190.367
2019-03-28 20:00:00,138.872
2019-03-28 21:00:00,123.637
2019-03-28 22:00:00,121.255
2019-03-28 23:00:00,116.489
2019-03-29 00:00:00,108.98
2019-03-29 01:00:00,101.704
2019-03-29 02:00:00,100.031
2019-03-29 03:00:00,98.203
2019-03-29 04:00:00,97.849
2019-03-29 05:00:00,102.879
2019-03-29 06:00:00,121.991
2019-03-29 07:00:00,188.067
2019-03-29 08:00:00,251.981
2019-03-29 09:00:00,275.468
2019-03-29 10:00:00,321.616
2019-03-29 11:00:00,355.73
2019-03-29 12:00:00,352.142
2019-03-29 13:00:00,334.115
2019-03-29 14:00:00,335.441
2019-03-29 15:00:00,313.235
2019-03-29 16:00:00,315.855
2019-03-29 17:00:00,259.778
2019-03-29 18:00:00,234.001
2019-03-29 19:00:00,177.917
2019-03-29 20:00:00,132.661
2019-03-29 21:00:00,119.885
2019-03-29 22:00:00,112.568
2019-03-29 23:00:00,108.455
2019-03-30 00:00:00,99.546
2019-03-30 01:00:00,100.757
2019-03-30 02:00:00,100.308
2019-03-30 03:00:00,98.759
2019-03-30 04:00:00,98.943
2019-03-30 05:00:00,100.833
2019-03-30 06:00:00,101.58
2019-03-30 07:00:00,117.598
2019-03-30 08:00:00,130.941
2019-03-30 09:00:00,140.245
2019-03-30 10:00:00,144.98
2019-03-30 11:00:00,152.609
2019-03-30 12:00:00,165.739
2019-03-30 13:00:00,143.267
2019-03-30 14:00:00,140.306
2019-03-30 15:00:00,139.954
2019-03-30 16:00:00,131.886
2019-03-30 17:00:00,123.326
2019-03-30 18:00:00,110.275
2019-03-30 19:00:00,110.038
2019-03-30 20:00:00,108.615
2019-03-30 21:00:00,105.069
2019-03-30 22:00:00,102.293
2019-03-30 23:00:00,99.932
2019-03-31 00:00:00,99.918
2019-03-31 02:00:00,100.015
2019-03-31 03:00:00,100.416
2019-03-31 04:00:00,97.683
2019-03-31 05:00:00,98.026
2019-03-31 06:00:00,98.536
2019-03-31 07:00:00,95.75
2019-03-31 08:00:00,95.85
2019-03-31 09:00:00,95.064
2019-03-31 10:00:00,94.979
2019-03-31 11:00:00,99.762
2019-03-31 12:00:00,102.124
2019-03-31 13:00:00,102.227
2019-03-31 14:00:00,103.582
2019-03-31 15:00:00,104.603
2019-03-31 16:00:00,107.728
2019-03-31 17:00:00,107.941
2019-03-31 18:00:00,105.657
2019-03-31 19:00:00,107.445
2019-03-31 20:00:00,107.57
2019-03-31 21:00:00,105.74
2019-03-31 22:00:00,104.478
2019-03-31 23:00:00,101.736
2019-04-01 00:00:00,156.194
2019-04-01 01:00:00,152.75
2019-04-01 02:00:00,149.756
2019-04-01 03:00:00,148.565
2019-04-01 04:00:00,143.091
2019-04-01 05:00:00,145.594
2019-04-01 06:00:00,170.894
2019-04-01 07:00:00,217.283
2019-04-01 08:00:00,325.581
2019-04-01 09:00:00,402.26
2019-04-01 10:00:00,449.185
2019-04-01 11:00:00,465.705
2019-04-01 12:00:00,478.106
2019-04-01 13:00:00,459.539
2019-04-01 14:00:00,442.618
2019-04-01 15:00:00,445.24
2019-04-01 16:00:00,449.203
2019-04-01 17:00:00,425.261
2019-04-01 18:00:00,347.87
2019-04-01 19:00:00,254.096
2019-04-01 20:00:00,193.609
2019-04-01 21:00:00,160.562
2019-04-01 22:00:00,150.175
2019-04-01 23:00:00,153.809
2019-04-02 00:00:00,137.337
2019-04-02 01:00:00,130.016
2019-04-02 02:00:00,128.201
2019-04-02 03:00:00,122.066
2019-04-02 04:00:00,117.939
2019-04-02 05:00:00,149.483
2019-04-02 06:00:00,167.286
2019-04-02 07:00:00,241.179
2019-04-02 08:00:00,368.256
2019-04-02 09:00:00,457.62
2019-04-02 10:00:00,476.917
2019-04-02 11:00:00,491.244
2019-04-02 12:00:00,499.75
2019-04-02 13:00:00,489.86
2019-04-02 14:00:00,490.791
2019-04-02 15:00:00,483.735
2019-04-02 16:00:00,488.18
2019-04-02 17:00:00,454.439
2019-04-02 18:00:00,382.63
2019-04-02 19:00:00,271.375
2019-04-02 20:00:00,235.407
2019-04-02 21:00:00,195.051
2019-04-02 22:00:00,168.512
2019-04-02 23:00:00,152.981
2019-04-03 00:00:00,104.459
2019-04-03 01:00:00,102.433
2019-04-03 02:00:00,101.794
2019-04-03 03:00:00,99.926
2019-04-03 04:00:00,100.51
2019-04-03 05:00:00,115.785
2019-04-03 06:00:00,131.558
2019-04-03 07:00:00,196.372
2019-04-03 08:00:00,304.805
2019-04-03 09:00:00,326.955
2019-04-03 10:00:00,294.959
2019-04-03 11:00:00,259.945
2019-04-03 12:00:00,268.452
2019-04-03 13:00:00,265.463
2019-04-03 14:00:00,274.363
2019-04-03 15:00:00,287.854
2019-04-03 16:00:00,279.904
2019-04-03 17:00:00,242.476
2019-04-03 18:00:00,232.793
2019-04-03 19:00:00,196.716
2019-04-03 20:00:00,164.597
2019-04-03 21:00:00,150.086
2019-04-03 22:00:00,137.066
2019-04-03 23:00:00,129.539
2019-04-04 00:00:00,105.685
2019-04-04 01:00:00,86.79
2019-04-04 02:00:00,87.096
2019-04-04 03:00:00,84.568
2019-04-04 04:00:00,85.622
2019-04-04 05:00:00,101.781
2019-04-04 06:00:00,120.319
2019-04-04 07:00:00,175.795
2019-04-04 08:00:00,233.217
2019-04-04 09:00:00,277.891
2019-04-04 10:00:00,307.626
2019-04-04 11:00:00,310.759
2019-04-04 12:00:00,315.23
2019-04-04 13:00:00,314.763
2019-04-04 14:00:00,303.855
2019-04-04 15:00:00,301.07
2019-04-04 16:00:00,292.069
2019-04-04 17:00:00,251.674
2019-04-04 18:00:00,231.416
2019-04-04 19:00:00,180.265
2019-04-04 20:00:00,150.469
2019-04-04 21:00:00,137.24
2019-04-04 22:00:00,131.842
2019-04-04 23:00:00,125.899
2019-04-05 00:00:00,101.15
2019-04-05 01:00:00,103.44
2019-04-05 02:00:00,101.101
2019-04-05 03:00:00,99.097
2019-04-05 04:00:00,103.216
2019-04-05 05:00:00,95.8
2019-04-05 06:00:00,99.06
2019-04-05 07:00:00,100.299
2019-04-05 08:00:00,120.5
2019-04-05 09:00:00,121.811
2019-04-05 10:00:00,136.689
2019-04-05 11:00:00,134.592
2019-04-05 12:00:00,136.514
2019-04-05 13:00:00,127.061
2019-04-05 14:00:00,128.654
2019-04-05 15:00:00,126.751
2019-04-05 16:00:00,122.226
2019-04-05 17:00:00,122.47
2019-04-05 18:00:00,116.822
2019-04-05 19:00:00,111.335
2019-04-05 20:00:00,108.136
2019-04-05 21:00:00,103.078
2019-04-05 22:00:00,103.511
2019-04-05 23:00:00,102.638
2019-04-06 00:00:00,123.403
2019-04-06 01:00:00,121.982
2019-04-06 02:00:00,119.364
2019-04-06 03:00:00,116.452
2019-04-06 04:00:00,115.896
2019-04-06 05:00:00,134.811
2019-04-06 06:00:00,138.73
2019-04-06 07:00:00,195.512
2019-04-06 08:00:00,319.962
2019-04-06 09:00:00,351.838
2019-04-06 10:00:00,372.693
2019-04-06 11:00:00,394.094
2019-04-06 12:00:00,390.759
2019-04-06 13:00:00,382.223
2019-04-06 14:00:00,377.164
2019-04-06 15:00:00,393.909
2019-04-06 16:00:00,360.531
2019-04-06 17:00:00,343.18
2019-04-06 18:00:00,289.418
2019-04-06 19:00:00,193.95
2019-04-06 20:00:00,146.897
2019-04-06 21:00:00,130.281
2019-04-06 22:00:00,128.893
2019-04-06 23:00:00,126.195
2019-04-07 00:00:00,136.525
2019-04-07 01:00:00,138.017
2019-04-07 02:00:00,137.763
2019-04-07 03:00:00,137.291
2019-04-07 04:00:00,134.796
2019-04-07 05:00:00,138.535
2019-04-07 06:00:00,135.617
2019-04-07 07:00:00,192.061
2019-04-07 08:00:00,275.408
2019-04-07 09:00:00,321.231
2019-04-07 10:00:00,335.37
2019-04-07 11:00:00,374.937
2019-04-07 12:00:00,369.816
2019-04-07 13:00:00,338.093
2019-04-07 14:00:00,346.929
2019-04-07 15:00:00,349.923
2019-04-07 16:00:00,303.482
2019-04-07 17:00:00,290.776
2019-04-07 18:00:00,246.842
2019-04-07 19:00:00,180.511
2019-04-07 20:00:00,140.932
2019-04-07 21:00:00,132.308
2019-04-07 22:00:00,119.978
2019-04-07 23:00:00,119.125
2019-04-08 00:00:00,103.009
2019-04-08 01:00:00,102.154
2019-04-08 02:00:00,103.862
2019-04-08 03:00:00,101.184
2019-04-08 04:00:00,102.632
2019-04-08 05:00:00,102.294
2019-04-08 06:00:00,99.172
2019-04-08 07:00:00,100.376
2019-04-08 08:00:00,97.615
2019-04-08 09:00:00,100.066
2019-04-08 10:00:00,96.732
2019-04-08 11:00:00,98.795
2019-04-08 12:00:00,102.957
2019-04-08 13:00:00,102.77
2019-04-08 14:00:00,104.159
2019-04-08 15:00:00,101.771
2019-04-08 16:00:00,107.119
2019-04-08 17:00:00,105.058
2019-04-08 18:00:00,102.632
2019-04-08 19:00:00,95.341
2019-04-08 20:00:00,88.607
2019-04-08 21:00:00,90.826
2019-04-08 22:00:00,89.114
2019-04-08 23:00:00,89.223
2019-04-09 00:00:00,120.472
2019-04-09 01:00:00,119.975
2019-04-09 02:00:00,119.95
2019-04-09 03:00:00,119.929
2019-04-09 04:00:00,120.203
2019-04-09 05:00:00,131.734
2019-04-09 06:00:00,131.346
2019-04-09 07:00:00,149.911
2019-04-09 08:00:00,238.826
2019-04-09 09:00:00,267.691
2019-04-09 10:00:00,333.498
2019-04-09 11:00:00,341.866
2019-04-09 12:00:00,333.248
2019-04-09 13:00:00,319.438
2019-04-09 14:00:00,320.578
2019-04-09 15:00:00,335.728
2019-04-09 16:00:00,327.969
2019-04-09 17:00:00,309.135
2019-04-09 18:00:00,264.423
2019-04-09 19:00:00,182.963
2019-04-09 20:00:00,127.827
2019-04-09 21:00:00,119.847
2019-04-09 22:00:00,117.67
2019-04-09 23:00:00,116.291
2019-04-10 00:00:00,128.54
2019-04-10 01:00:00,131.091
2019-04-10 02:00:00,121.46
2019-04-10 03:00:00,119.098
2019-04-10 04:00:00,126.21
2019-04-10 05:00:00,123.306
2019-04-10 06:00:00,138.854
2019-04-10 07:00:00,189.143
2019-04-10 08:00:00,271.121
2019-04-10 09:00:00,322.843
2019-04-10 10:00:00,344.477
2019-04-10 11:00:00,379.238
2019-04-10 12:00:00,380.784
2019-04-10 13:00:00,381.486
2019-04-10 14:00:00,382.367
2019-04-10 15:00:00,358.488
2019-04-10 16:00:00,356.663
2019-04-10 17:00:00,305.678
2019-04-10 18:00:00,278.257
2019-04-10 19:00:00,219.814
2019-04-10 20:00:00,171.785
2019-04-10 21:00:00,150.443
2019-04-10 22:00:00,143.238
2019-04-10 23:00:00,151.076
2019-04-11 00:00:00,99.115
2019-04-11 01:00:00,98.311
2019-04-11 02:00:00,95.621
2019-04-11 03:00:00,94.399
2019-04-11 04:00:00,91.945
2019-04-11 05:00:00,103.885
2019-04-11 06:00:00,119.332
2019-04-11 07:00:00,196.894
2019-04-11 08:00:00,273.939
2019-04-11 09:00:00,284.82
2019-04-11 10:00:00,324.919
2019-04-11 11:00:00,333.855
2019-04-11 12:00:00,362.102
2019-04-11 13:00:00,335.372
2019-04-11 14:00:00,345.37
2019-04-11 15:00:00,339.051
